Tên sản phẩm,Giá
Camera IP hồng ngoại Wifi Ezviz C6N 1080p 2MP,390000
Camera DJI Osmo Pocket 3 Creator Combo,17290000
Camera hành động DJI Osmo Action 3 Standard,4590000
Camera hành động DJI Action 5 Pro Standard,9190000
Camera IP hồng ngoại không dây Imou IPC-A32EP 3MP,470000
Camera IP Wifi EZVIZ TY1 1080P,390000
Camera IP hồng ngoại không dây 4MP Ezviz H6c Pro,650000
Camera IP Wifi TP-Link Tapo C200 360° 1080P 2MP,430000
Gimbal DJI OM 6,2960000
Camera IP hồng ngoại không dây 4.0 MP IMOU IPC-A42P-D,590000
DJI Action 4 Combo,9580000
Camera Insta360 X4,13290000
Flycam DJI Air 3 Fly More Combo (DJI RC 2),29990000
Tay cầm Gimbal DJI OM 5 Mobile SE,1900000
Camera Xiaomi MI Home Security C200 (BHR6766GL),450000
Camera Insta360 One X3,9790000
Camera hành động DJI Osmo Action 3 Adventure Combo,6990000
Camera GoPro Hero 12,9490000
Camera IP hồng ngoại gắn ngoài trời 2.0 MP IMOU IPC-F22P-D 1080P,690000
Camera hành động DJI Action 5 Pro Combo Advanced,11690000
Camera IP WiFi ngoài trời EZVIZ H8c 1080p,990000
Camera GoPro Hero 9,7990000
Camera Insta360 GO 3S,10890000
Camera Xiaomi MI Home Security C300 (BHR6540GL),690000
Flycam DJI Mini 2 SE Fly More Combo,10190000
Camera IP WiFi ngoài trời EZVIZ H8c 2K,1090000
Camera GoPro Hero 11,9190000
Camera IP Wifi ngoài trời EZVIZ H3C 1080P Full Color,750000
Camera IP Wifi Ezviz TY1 Pro 4MP,650000
Camera IP Wifi TP-Link Tapo C320WS 2K,899000
Pin ENDURO cho GoPro Hero 9 - 12 (Chính hãng),790000
Camera IP ngoài trời 2 ống kính IMOU IPC-S7XP-10M0WED 10MP,1850000
Camera IP Wifi 360° hồng ngoại 4MP TP-Link Tapo C220,630000
Máy chụp ảnh lấy liền Fujifilm Instax Mini 40,2890000
Camera IP hồng ngoại không dây 5MP IMOU IPC-A52P,690000
Gậy chụp ảnh Tripod WIWU Selfie Stick SE012,495000
Camera IP ngoài trời 2MP WiFi IMOU S21FP,850000
Camera IP Wifi 2 ống kính Ezviz ngoài trời H9C 10MP,1550000
Camera Xiaomi MI Home Security C400 (BHR6619GL),890000
Gậy chụp ảnh Tripod WIWU KRINL SE005,450000
Camera IP hồng ngoại không dây 3MP Yoosee U7C/D 3 Ăngten,290000
Bộ HUD kính lái Vietmap H1N,1790000
Camera IP hồng ngoại không dây 3K Imou Rex VT,1350000
Camera IP hồng ngoại WiFi Ezviz H6C 2MP,490000
Camera IP ngoài trời 2 ống kính IMOU IPC-S7XP-6M0WED 6MP,1490000
Camera IP Wifi 2 ống kính Ezviz H7C 8MP,1090000
Vietmap Live Pro 12 Tháng,400000
Camera IP Wifi Ezviz C3TN 1080P Full Color,750000
Gậy chụp ảnh Tripod YT 1388,333000
Camera IP WiFi ngoài trời Xiaomi AW300 2K,890000
Camera IP hồng ngoại gắn ngoài trời 24/7 2.0 MP IMOU IPC-F22FP-D 1080P Full Color,750000
Camera IP hồng ngoại AI ngoài trời IMOU IPC-GS7EP-3M0WE Full Color 3MP,1390000
Gimbal Zhiyun Q3,1890000
Camera IP Wifi TP-Link Tapo C310 3MP,750000
Camera IP 2 ống kính IMOU IPC-S2XP-6M0WED 6MP,1100000
Camera hành trình Vietmap KC01 cảnh báo giọng nói,3690000
Tay cầm chống rung Havit ST7606,850000
Camera IP WiFi ngoài trời TP-Link Tapo TC40 1080p,800000
Camera DJI Osmo Action 4,7090000
Camera IP Wifi trong nhà Dahua DH-H4AE 4MP,550000
Gậy chụp ảnh Tripod WIWU DETACHABLE SE001,250000
Camera IP Wifi trong nhà Dahua DH-H2AE 2MP,370000
Gimbal Insta360 Flow,3250000
Camera hành trình Vietmap cảnh báo giao thông C9P,1701000
Tay cầm chống rung máy ảnh DJI Ronin RS3 Mini,5190000
Camera IP WiFi ngoài trời Xiaomi AW200 1080p,650000
Bộ HUD kính lái cảm biến ngoài VIETMAP H1AS,2590000
Camera IP hồng ngoại AI ngoài trời IMOU IPC-GS7EP-5M0WE Full Color 5MP,1550000
Camera IP Wifi 360° hồng ngoại 1080 Full HD TP-Link Tapo C202,390000
Camera IP WiFi TP-Link Tapo 3MP TC71,470000
Camera hành trình GoPro Hero 12 Bundle Black,12190000
Camera IP hồng ngoại không dây 5MP IMOU IPC-GK2DP-5C0W,970000
Gậy chụp ảnh Tripod WIWU SHARP FILMSELFIE SE003,420000
Camera IP hồng ngoại không dây 2MP Ezviz H6c Pro,490000
Camera IP hồng ngoại ngoài trời 5MP IMOU IPC-F52FP Full Color,890000
Camera IP ngoài trời Wifi IMOU S51FEP 5MP Full Color,1090000
Camera IP 2.0 Megapixel Imou TA22 1080P hồng ngoại không dây,450000
Camera Insta360 Go 3 128GB,9490000
Camera VIETMAP C9,2090000
Camera IP Wifi ngoài trời Dahua DH-IPC-HFW1230DT-STW 2MP,650000
Camera IP Wifi EZVIZ TY1 4MP,690000
Camera IP Wifi 2 ống kính Ezviz ngoài trời H9C 6MP,1590000
Vietmap Live Pro 24 Tháng,632000
Gimbal Hohem XE Kit,1990000
Camera IP Wifi ngoài trời có đèn led full color có loa ngoài Dahua DH-F2C-PV 2MP,890000
Camera Insta360 GO 3S 128GB,11890000
Camera IP TP-Link Tapo C212 Wifi 360 Hồng Ngoại 2MP,470000
Camera IP Hikvision Dome DS-2CD1023G0E-ID 2MP,800000
Camera IP hồng ngoại không dây 5MP IMOU IPC-GK2DP-5C0WE Full Color,1090000
Camera IP Wifi 2 ống kính Imou IPC-S2XP-10M0WED 10MP,1450000
Đầu ghi Hikvision 4 kênh DS-7104NI-Q1/M,990000
Camera IP hồng ngoại ngoài trời 3MP IMOU IPC-F32FP Full Color,750000
Camera IP Wifi TP-Link Tapo 2K C225 360° hồng ngoại,950000
Camera IP hồng ngoại không dây 3K IMOU REX VT Pro,1550000
Tay cầm chống rung máy ảnh DJI Ronin-RS4,10990000
Android Box xe hơi VIETMAP BS10 (8-128),8541000
Camera IP WiFi ngoài trời TP-Link Tapo C120 4MP,799000
Camera IP hồng ngoại AI ngoài trời 3MP IMOU IPC-S7DP-5M0WEZ Full Color,1550000
Camera IP Wifi trong nhà AI Dahua DH-H4C 4MP,750000
Camera IP WiFi sử dụng pin IMOU 2K IPC-B46LP 4MP,2190000
Tay cầm chống rung máy ảnh DJI Ronin-RS4 Pro Combo,25690000
Camera IP ngoài trời Wifi IMOU S31FEP 3MP Full Color,990000
Gimbal HOHEM iSteady V2S KIT,2490000
Đầu ghi Hikvision 4 kênh DS-7604NI-K1,1690000
Camera IP WiFi ngoài trời dùng pin năng lượng EZVIZ CB3 2MP,2090000
Camera IP ngoài trời Wifi AI Reoqoo XT-X31B 2.5K Fullcolor,1090000
Camera hành trình GoPro Hero 13 Creator Edition Black,16990000
Gimbal Hohem XE,2100000
Tay cầm chống rung máy ảnh DJI Ronin-RS4 Combo,14290000
Camera IP hồng ngoại không dây AI 2K Reoqoo XT-X10B,490000
Gậy Selfie Stick Wiwu SE002,320000
Tay cầm chống rung máy ảnh DJI Ronin-RS4 Pro,20190000
Camera IP hồng ngoại ngoài trời 5MP IMOU IPC-S3EP-5M0WE Full Color,1050000
Camera IP hồng ngoại ngoài trời 3MP IMOU IPC-S3EP-3M0WE Full Color,975000
Phụ kiện mở rộng Light Mode cho Gopro Hero 8,1350000
Tay cầm chống rung máy ảnh DJI Ronin-RS3 Combo,12390000
Camera IP Wifi ngoài trời Dahua DH-IPC-HFW1430DT-STW 4MP,850000
Pin cho Gopro Hero 10/11 Black Enduro 2 Pack Chính hãng,1090000
Camera IP Wifi trong nhà AI Dahua DH-H2C 2MP,590000
Camera IP Wifi ngoài trời có đèn led full color có loa ngoài Dahua DH-F4C-PV 4MP,1190000
Camera IP Wifi ngoài trời có đèn led full color Dahua DH-F2C-LED 2MP,750000
Camera IP Wifi ngoài trời có đèn led full color Dahua DH-F4C-LED 4MP,1090000
Flycam DJI Mini 4 Pro (DJI RC-N2),19790000
Camera hành trình GoPro Hero 13 Black,11490000
Camera Insta360 Go 3 64GB,7590000
Camera Insta360 ACE Pro,8690000
Camera hành trình Vietmap cảnh báo giao thông TS-2K Lite,2690000
Camera IP Wifi ngoài trời Ezviz H3 2K Full Color,1090000
Camera IP Wifi TP-Link Tapo C210 3MP,590000
Gimbal Smart X,1950000
Camera IP hồng ngoại ngoài trời 4MP IMOU IPC-F42P-D,890000
Camera IP WiFi trông trẻ EZVIZ BM1 2MP,1590000
Gimbal Smart XE,1950000
Camera IP ngoài trời WiFi IMOU S41FP 4MP,1150000
Camera GoPro Hero 12 Creator Edition,17490000
Camera IP WiFi sử dụng pin EZVIZ CB2 2MP,1390000
Flycam DJI Mini 2 SE,7425000
Camera hành trình Insta 360 Go 4 (64GB),Giá Liên Hệ
Camera Xiaomi Mi Home Security C500 Pro,Giá Liên Hệ
Camera IP hồng ngoại không dây Ezviz C6CN 2K,990000
Camera hành trình Insta 360 Go 4 (128GB),Giá Liên Hệ
Flycam DJI Mini 3 Fly More Combo (DJI RC-N1),Giá Liên Hệ
Camera IP Wifi ngoài trời EZVIZ H8 Pro 2K Full Color,1290000
Camera IP WiFi ngoài trời IMOU IPC-F88FIP 4K Full Color,990000
Flycam DJI Mini 3 Pro,Giá Liên Hệ
Camera IP Wifi gắn ngoài trời hồng ngoại 4MP Yoosee D13Z Camera kép,490000
Tay cầm chống rung Insta360 Flow 2 Xám,Giá Liên Hệ
Camera IP Wifi 2 ống kính Botslab c231 6MP,1190000
Camera IP hồng ngoại WiFi Ezviz H6C 3K,990000
Flycam K101 Max Camera 4K,Giá Liên Hệ
Flycam SJRC F11S 4K Pro,Giá Liên Hệ
Flycam E88 Pro 4K 2 Camera,Giá Liên Hệ
Android Box xe hơi VIETMAP BS10 (6-128),9891000
Flycam ZLRC SG108 Pro,Giá Liên Hệ
Camera IP ngoài trời Wifi 2 ống kính Botslab W302 4MP Fullcolor,2390000
Camera IP hồng ngoại không dây 3MP Yoosee U11C/D bóng đèn,490000
Flycam DJI Mavic 3 Pro Fly More Combo (DJI RC),Giá Liên Hệ
Flycam DJI Air 3 (DJI RC-N2),Giá Liên Hệ
Camera IP hồng ngoại không dây 2K Botslab c211,490000
Camera IP Hikvision DS-2CD1121G0-I,Giá Liên Hệ
Camera IP hồng ngoại không dây Tenda CP6 2K,Giá Liên Hệ
Camera IP WiFi bóng đèn IMOU IPC-S6DP-5M0WEB 5MP,1190000
Camera IP ngoài trời Wifi Botslab W311 2K Fullcolor,1290000
Flycam DJI Mini 3 Pro Immersive Flight Combo,Giá Liên Hệ
Flycam DJI Avata (No RC),Giá Liên Hệ
Flycam DJI Inspire 2 X5S Standard Kit,Giá Liên Hệ
Máy in ảnh Kodak Mini 2 P210R - Bundle 60 tấm ảnh,Giá Liên Hệ
Flycam DJI Air 2S,Giá Liên Hệ
Đèn Livestream Ulanzi VL120 RGB Full Color,Giá Liên Hệ
Giấy in ảnh Kodak ICRG 330 hộp 30 tấm,Giá Liên Hệ
Album Mini 65 tấm,Giá Liên Hệ
Flycam K102 Pro Camera 4K,Giá Liên Hệ
Máy in ảnh Kodak Mini 2 P210R,Giá Liên Hệ
Flycam DJI Avata Explorer Combo,Giá Liên Hệ
Giá đỡ điện thoại Ulanzi MT-BG3 Tích Hợp Sạc Dự Phòng,Giá Liên Hệ
Camera IP hồng ngoại không dây 5MP EZVIZ H6C Pro,690000
Giấy in ảnh Kodak ICRG 230 hộp 30 tấm,Giá Liên Hệ
Flycam DJI Mavic 3,Giá Liên Hệ
Flycam DJI Mavic 3 Pro Cine Premium Combo (DJI RC Pro),Giá Liên Hệ
Flycam JY 019HW (Eachine E58),Giá Liên Hệ
Flycam DJI Mavic Air 2,Giá Liên Hệ
Flycam DJI Mini SE (Mavic Mini SE),Giá Liên Hệ
Flycam DJI Mavic 3 Pro (DJI RC),Giá Liên Hệ
Camera Wifi Hikvision DS-2CV2Q21FD-IW,Giá Liên Hệ
Camera IP WiFi ngoài trời dùng pin năng lượng EZVIZ CB3 2K,2390000
Camera IP hồng ngoại không dây 2K Botslab c213 (gọi điện thoại),650000
Đèn Livestream ULANZI S1,Giá Liên Hệ
Đèn Livestream ULANZI VL49 RGB Full Color,Giá Liên Hệ
Flycam DJI Dân Dụng Mini 4 Fly More Combo (DJI RC 2),Giá Liên Hệ
Flycam DJI Dân Dụng Mini 4 Fly More Combo Plus (DJI RC 2),Giá Liên Hệ
Camera Dome KBVISION KX-A2112C4 1080p 2.0MP,Giá Liên Hệ
Camera Ip wifi Xiaomi outdoor CW300,Giá Liên Hệ
Máy in ảnh Kodak Mini 3 P300R - Combo phụ kiện,Giá Liên Hệ
Máy in ảnh Kodak Mini 3 P300R - Bundle 60 tấm ảnh,Giá Liên Hệ
Flycam DJI Mavic 2 Pro,Giá Liên Hệ
Flycam DJI Inspire 3,Giá Liên Hệ
Flycam DJI Mavic 3 Classic (Drone Only),Giá Liên Hệ
Flycam Avata Pro-View Combo,Giá Liên Hệ
Flycam DJI Avata 2 Fly More Combo (1 pin),Giá Liên Hệ
Flycam DJI Avata 2 Fly More Combo (3 pin),Giá Liên Hệ
Camera IP 2MP Hikvision DS-2CD2021G1-I,Giá Liên Hệ
Pin cho GoPro Hero 13 Black Enduro 2 Pack (Chính hãng),Giá Liên Hệ
Pin cho Insta360 Ace/Ace Pro,Giá Liên Hệ
Gậy Selfie + chân đế Tripod,Giá Liên Hệ
Pin cho GoPro Hero 13 Black Enduro 1 Pack (Chính hãng),850000
Pin cho Insta360 x3,Giá Liên Hệ
Bộ Kit Quay Vlog Smartphon BOYA BY-VG380,Giá Liên Hệ
Flycam DJI Mavic 3 Classic (DJI RC-N1),Giá Liên Hệ
Flycam DJI FPV Combo,Giá Liên Hệ
Flycam DJI Avata 2 Fly More Combo (1 pin)-Đen,Giá Liên Hệ
Flycam DJI Inspire 2 X5S Advanced Kit,Giá Liên Hệ
Flycam DJI Mini 4 Pro (DJI RC 2),Giá Liên Hệ
Máy in ảnh Kodak Mini 3 P300R,Giá Liên Hệ
Camera KBVISION KX-A2111C4 1080p 2.0MP,Giá Liên Hệ
Camera giám sát IMILAB A1 2K,Giá Liên Hệ
Flycam,Giá Liên Hệ
Flycam DJI Air 3 Fly More Combo (DJI RC-N2),Giá Liên Hệ
Flycam DJI Mavic 3 Pro Fly More Combo (DJI RC Pro),Giá Liên Hệ
Camera Xiaomi Mi Home Security C301 3MP,Giá Liên Hệ
Tay cầm chống rung máy ảnh DJI RONIN-RS3 Pro combo,22690000
DJI Osmo Action 5,Giá Liên Hệ
Camera IP hồng ngoại không dây 3MP Imou IPC-GK2DP-3C0W,Giá Liên Hệ
Flycam DJI Air 2S Fly More Combo,Giá Liên Hệ
Giá đỡ điện thoại Ulanzi MT 33,Giá Liên Hệ
Giá đỡ điện thoại Ulanzi MT 34,Giá Liên Hệ
Giá đỡ điện thoại Ulanzi ST-02S Mount Iron Man II,Giá Liên Hệ
Camera IP ngoài trời Wifi 2 ống kính Botslab W315 8MP Fullcolor,1790000
Camera IP Wifi gắn ngoài trời hồng ngoại 3MP Yoosee D7C,490000
Camera IP ngoài trời hồng ngoại 3MP Yoosee D3K/4G SIM 4G,590000
Camera IP hồng ngoại không dây 3MP EZVIZ H6C Pro,490000
Camera Hikvison DS-2CE16D0T-IT3 2MP,Giá Liên Hệ
GoPro Dual Battery Charger + Battery (Hero 13 Black),2290000
Pin cho Insta360 x4,Giá Liên Hệ
Gậy Selfie mở rộng,Giá Liên Hệ
Vỏ chống nước cho Insta360 X4,Giá Liên Hệ
